Community 1,Community 2,Community 3,Community 4,Community 5
Energy,Equation of motion,Cross section,Star,Crystal
Measurement,Curvature,Fermion,Absorptivity,Electric field
Field,Commutator,Bosonization,Luminosity,Lasers
Potential,Black hole,Lagrangian,Galaxy,Dipole
Mass,Quantization,Experimental data,Binary star,Plasma
Particles,Differential equations,Quark,X-ray,Hybridization
Temperature,Scalar field,Proton,Redshift,Chemical potential
Probability,Dark matter,Renormalization,Spectroscopy,Resist
Units,General relativity,Standard Model,Ellipticity,Hilbert space
Vector,Equations of state,Phase space,Accretion,Elasticity
Electron,Gauge invariance,Hadronization,Ionization,Liquids
Frequency,Horizon,Center of mass,Gaussian distribution,Green's function
Periodate,Spinor,Baryons,Full width at half maximum,Eigenvector
Symmetry,Coordinate system,P-symmetry,Star formation,Energy level
Universe,Cosmological constant,Leptons,Turbulence,Density matrix
Velocity,Quantum field theory,Quantum number,Sun,Density of states
Objective,Tension,Neutron,Milky Way,Insulators
Scattering,Gauge theory,Gluon,Signal to noise ratio,Free energy
Statistics,Einstein field equations,Strong interactions,Photometry,Ferromagnetism
Materials,The early Universe,Neutrino,Observatories,Carbonate
Charge,Duality,Nucleon,Companion,Semiconductor
Spin,String theory,Mesons,Extinction,Superconductor
Momentum,Permutation,Bound state,Light curve,Critical point
Formate,Cosmic microwave background,Supersymmetry,Likelihood,Wavefunction
Optics,Covariant derivative,Charged particle,Supernova,Quasiparticle
Resolution,Causality,Helicity,Stellar mass,Electromagnetic field
Fluctuation,Subgroup,Vacuum expectation value,Field of view,Plane wave
Force,Dark energy,Branching ratio,Compilers,Dielectric
Geometry,Gravitational constant,Higgs boson,Recombination,Vibration
Intensity,Planck mission,Weak interaction,Point source,Qubit
Photon,Gravitational fields,Pion,Cosmic ray,Partition function
Picture,Gauge transformation,Electric charge,Radial velocity,Dispersion relation
Hamiltonian,Cosmological model,Unitarity,A giants,Phonon
Event,Gravitational wave,Parton,Interstellar medium,Potential energy
Atom,Evolution equation,Form factor,Sloan Digital Sky Survey,Electronic density
Magnetics,Scalar curvature,Particle physics,Optical depth,Viscosity
Order of magnitude,Planck scale,Renormalization group,Neutron star,Unit cell
Polarization,Effective action,Spectrometers,Quadrature,Effective mass
Magnetic field,Quantum gravity,Muon,Primary star in a binary system,Pauli matrices
Degree of freedom,Minkowski space,Gauge symmetry,Mounting,Antiferromagnet
Action,Non-Gaussianity,Isotope,Massive stars,Magnetic moment
Resonance,Isomorphism,Gauge bosons,Planet,Lithium
Scalar,Geodesic,Effective potential,Near-infrared,Eigenfunction
Wavelength,Newton,Invariant mass,Mass ratio,Spin-orbit interaction
Gas,Analytic continuation,Beyond the Standard Model,Spectral energy distribution,Numerical methods
Transformations,Vacuum state,Strangeness,Effective temperature,Harmonic oscillator
Gravitation,Scale invariance,Isospin,X-ray spectrum,Brillouin zone
Algorithms,Dynamical systems,Effective field theory,Statistical significance,Graphene
Orbit,Supergravity,Perturbative expansion,Stellar populations,Diffraction
Homogenization,Cold dark matter,Gauge coupling coupling,Spectrographs,Critical temperature
